Scenarios,10
Model objective,45.50000000000002
MIP Gap,0.0
True objective,44.4
Model error,0.02477477477477529
Initial time,0.6755461692810059
Solver time,370.63976192474365
Simulation time,1587.5443468093872
Time in callback,93.3750672340393
Total time,371.3164782524109
Benders cuts,13586
Initial cuts,1480
Feasible solutions,184756
Sim proportion,0.45036155794669724
Time proportion,4.275448141383635
Cut size mean,7.589062269983807
Cut size var,2.358692039208401
Node count,19484.0
Brute force solution,44.4
Brute force error,0.0
Brute force time,1615.0911724567413
