Scenarios,10
Model objective,51.5
MIP Gap,0.0
True objective,50.9
Model error,0.011787819253438142
Initial time,0.5882620811462402
Solver time,187.9857268333435
Simulation time,1496.9275155067444
Time in callback,37.23956608772278
Total time,188.5750515460968
Benders cuts,6390
Initial cuts,1240
Feasible solutions,184756
Sim proportion,0.1900506614128905
Time proportion,7.938099463495697
Cut size mean,6.212989045383412
Cut size var,2.2532578365145586
Node count,23031.0
Brute force solution,50.8
Brute force error,0.001968503937007902
Brute force time,1573.2863783836365
